{"cameraMode":{"drawMode":0,"name":"Shaded","section":"Shading Mode"},"sceneLighting":false,"audioPlay":false,"sceneViewState":{"m_AlwaysRefresh":false,"showFog":true,"showSkybox":false,"showFlares":true,"showImageEffects":true,"showParticleSystems":true,"showVisualEffectGraphs":true,"m_FxEnabled":true},"in2DMode":false,"pivot":{"x":0.000032646592444507405,"y":0.0000018594253106130055,"z":0.00003286485298303887},"rotation":{"x":-0.028261320665478708,"y":-0.7208042740821838,"z":0.02942429855465889,"w":-0.6919611692428589},"size":0.000017320508050033823,"orthographic":false}