{"cameraMode":{"drawMode":0,"name":"Shaded","section":"Shading Mode"},"sceneLighting":true,"audioPlay":false,"sceneViewState":{"m_AlwaysRefresh":false,"showFog":true,"showSkybox":true,"showFlares":true,"showImageEffects":true,"showParticleSystems":true,"showVisualEffectGraphs":true,"m_FxEnabled":true},"in2DMode":false,"pivot":{"x":211.23452758789063,"y":230.53353881835938,"z":2.724100112915039},"rotation":{"x":0.1729903519153595,"y":-0.07265111804008484,"z":0.01259269006550312,"w":0.9822879433631897},"size":1.091286301612854,"orthographic":false}